Фиона изумруд,466
Сорочка Треугольник розовый,482
Кимоно белое,515
Кимоно черное,515
Халат сетка новый черный,515
Пижама с резинкой на груди бордовая,533
Пижама с резинкой на груди красная,533
Пижама с резинкой на груди фиолетовая,533
Купальник Вензель,536
Сорочка  Фисташка ЛШ,539
Сорочка белая ЛШ,539
Сорочка бирюза ,539
Сорочка бордо ЛШ,539
Сорочка изумрудная,539
Сорочка коралл ЛШ,539
Сорочка ЛШ Персик,539
Сорочка малахит ЛШ,539
Сорочка мята ЛШ,539
Сорочка мятная,539
Сорочка персиковая,539
Сорочка розовая,539
Сорочка тёмная мята ЛШ,539
Сорочка с кружевным Низом Розовая,542
Комплект из Вискозы черный Тройка,550
Пижама с юбкой розовая,553
Снежинка белая,561
Снежинка белая  фуксия,561
Снежинка белая с розовым,561
Снежинка белая с фиолетовым,561
Снежинка длинная айвори,561
Снежинка длинная красная,561
Снежинка длинная черная,561
Снежинка изумруд,561
Снежинка красная,561
Снежинка черная ,561
Пижама лампасы Розовая,563
Пижама с короткими Шортами как рай,575
Халат Трилистник,579
Пижама с Открытой Спиной Молочная,588
Сорочка Лилия изумруд,591
Сорочка Лилия персик,591
Пижама с перекрестием на спине бордо,601
Халат черная ночь,636
Купальник треугольник желтый,644
Купальник треугольник изумруд,644
Купальник треугольник красный,644
Купальник треугольник синий,644
Халат с золотом,649
Зимняя вишня,653
Сетка Бархат Кимоно,657
Халат Кимоно ЛШ бордо,662
Халат Кимоно Лш голубой,662
Халат кимоно Лш изумруд,662
Халат Кимоно Лш Розовый,662
Халат Кимоно ЛШ синий,662
Халат-кимоно ЛШ бордо,662
Халат-кимоно ЛШ бордо короткий,662
Халат-кимоно ЛШ изумруд,662
Халат-кимоно ЛШ короткий красный,662
Халат-кимоно ЛШ красный,662
Халат-кимоно ЛШ персик,662
Халат-кимоно ЛШ синий ,662
Атласный  халат с кружевной спинкой белый,664
Атласный  халат с кружевной спинкой персиковый,664
Атласный  халат с кружевной спинкой чёрный,664
Атласный халат с кружевной спинкой изумруд,664
Снегурка белая,708
Снегурка синяя,708
Снегурка фиолетовая,708
Халат барби голубой ЛШ,764
Халат барби изумруд ЛШ,764
Халат барби розовый ЛШ,764
Пижама топ со штанами розовая 164,782
Пижама топ со штанами розовая 176,782
Боди ЛШ черное,783
Халат кувшинка изумруд,795
Пижама звезды мята,806
пижама звезды чёрная,806
Боди ЛШ красное,814
Халат кружево шея,841
халат чайка,841
Сетка Бархат Туника,865
Сетка Бархат Платье,904
Платье волан с бабочками белое,976
Платье волан с бабочками розовое,976
Платье волан с бабочками синее,976
Тройка бордо,1059
Тройка Голубая,1059
Тройка изумруд,1059
Тройка молочная ,1059
Тройка персик ,1059
Тройка Розовый,1059
Тройка серая ,1059
Тройка серо-синяя,1059
Тройка фиолетовая,1059
Тройка серая с розовой вставкой ,1097
Пижама с кантом из вискозы голубая,1259
Пижама с кантом из вискозы розовая,1259
Пижама штаны с кантом серо-синяя,1367
Топ+Трусы+Штаны,1369
Будуарное платье  черное,1380
Будуарное платье белое,1380
Пижама Япония персик (164),1473
Пижама Япония персик (176),1473
Накидка с Узором Коралловая,1605
Набор Губки Голубые,1956
Набор Губки Розовый,1956
Пижама Тройка с белым кантом розовая,2103
Пижама Тройка с Черным Кантом Розовая,2103